id,text,corrected,word,tag
0,Цели и задачи исследования Объект – проблемы адаптации зарубежные управленческих методов Целью данной работы является анализ адаптации зарубежных управленческих методов в современных российских компаниях.,Цели и задачи исследования. Объект – проблемы адаптации зарубежных управленческих методов. Целью данной работы является анализ адаптации зарубежных управленческих методов в современных российских компаниях.,зарубежные,"infl, cause, typo"
1,"Есть множество фактов,когда случай координально менял ход исторических событий.","Есть множество фактов, когда случай кардинально менял ход исторических событий.",координально,"deriv, paron"
2,При многочисленных особенностях российской культуры интенсивной концентрации различных национальностей и их особенностей должна возникать потребность к целенаправленной адаптации данных методик к окружающим условиям.,При многочисленных особенностях российской культуры и высокой концентрации различных национальностей и их особенностей должна возникать потребность в целенаправленной адаптации данных методик к окружающим условиям.,культуры,conn
3,"Благодаря чему появилась возможность выделить несколько закономерных особенностей современного языка СМИ: Первая особенность – интертекстуальность, то есть пересечения нескольких разных материалов.","Благодаря чему появилась возможность выделить несколько закономерных особенностей современного языка СМИ: Первая особенность – интертекстуальность, то есть пересечение нескольких разных материалов.",пересечения,"infl, lex, phrase"
4,Часть 1. Предпосылки для изучение коммуникативных стратегий Лингвистика последних десятилетий демонстрирует неуклонное расширение своего влияния.,Часть 1. Предпосылки для изучения коммуникативных стратегий Лингвистика последних десятилетий демонстрирует неуклонное расширение своего влияния.,изучение,"infl, cause, typo"
5,"Снег уже почти растаял, и на деревьях стали появляться первые почки, солнце пыталось нагреть своим теплом, птички уже начали воспевать приходящую весну.","Снег уже почти растаял, и на деревьях стали появляться первые почки, солнце пыталось согревать своим теплом, птички уже начали воспевать приходящую весну.",нагреть,"deriv, paron, lack"
6,"Заранее будет известно, какой навык будет тренировать конкретное задание Тем самым, эффект неожиданности и непредсказуемости возможный дальнейших проблем в работе будет исключен.","Заранее будет известно, какой навык будет тренировать конкретное задание. Тем самым, эффект неожиданности и непредсказуемости возможных дальнейших проблем в работе будет исключен.",возможный,"agr, cause, typo"
7,Автор задается вопрососом возможно ли было предсказать и предотвратить события первой мировой войны?,"Автор задается вопросом, возможно ли было предсказать и предотвратить события первой мировой войны?",вопрососом,"typo, cause"
8,"Существуют час пики в которые люди в будние дни начинают и заканчивают работать примерно одинаково, а в выходные едут на дачу.","Существуют часы пик в которые люди в будние дни начинают и заканчивают работать примерно одинаково, а в выходные едут на дачу.",час,infl
9,"Если вы эрудированный и можете в любом обществе поддержать беседу и показывать себя в лучшем свете, то это не только произведет положительное впечатление, но и возможно повлияет на вашу карьеру.","Если вы эрудированный и можете в любом обществе поддержать беседу и показать себя в лучшем свете, то это не только произведет положительное впечатление, но и, возможно, повлияет на вашу карьеру.",показывать,"deriv, asp"
10,"Данные/Материал В ходе работы над проектом был использован теоретический материал следующего содержание Трактат « Государь » Никколо Макиавелли, а также « Рассуждения о первой декаде Тита Ливия ».","Данные/Материал В ходе работы над проектом был использован теоретический материал следующего содержания: трактат «Государь» Никколо Макиавелли, а также «Рассуждения о первой декаде Тита Ливия».",содержание,"agr, cause, typo"
11,"Шарль Бодлер сказал Женщина - это приглашение к счастью Я понимаю это высказывание так: женщина создаст уют в семье, рядом с особенной женщиной мужчина становится лучше и легче добивается своих целей, она даст правильное воспитание детям, будет содержать дом в чистоте и порядке, она всегда будет разной и не даст скучать мужчине.","Шарль Бодлер сказал: ""Женщина - это приглашение к счастью"". Я понимаю это высказывание так: женщина создаёт уют в семье, рядом с особенной женщиной мужчина становится лучше и легче добивается своих целей; она даст правильное воспитание детям, будет содержать дом в чистоте и порядке, она всегда будет разной и не даст скучать мужчине.",создаст,"infl, coord"
12,"Сделав столь длинное вступление об этой проблеме, я хочу перейти непосредственно к рассуждению о том, каково же все-таки ребенку, чьи родители развелись?","Сделав столь длинное вступление к этой проблеме, я хочу перейти непосредственно к рассуждению о том, каково же все-таки ребенку, чьи родители развелись?",об,"gov, lex, phrase"
13,Но все равно ответы большинство вопросов можно найти в истории.,Но все равно ответы на большинство вопросов можно найти в истории.,ответы,"gov, lack"
14,"Я не упускаю даже такой возможности, что он найдет общий язык с ним, но дружить он точно не сможет.","Я не исключаю даже такой возможности, что он найдет общий язык с ним, но дружить он точно не сможет.",упускаю,"deriv, lex, phrase"
15,"Не известно, как долго это продлится…Но, например, я не собираюсь с этим смириться и становиться таким же игроком и борцом за Деньги.","Неизвестно, как долго это продлится…Но, например, я не собираюсь с этим смиряться и становиться таким же игроком и борцом за Деньги.",смириться,asp
16,"Ведь политика- это проявление гражданской ответственности, независимое от половой принадлежности.","Ведь политика - это проявление гражданской ответственности, не зависящее от половой принадлежности.",независимое,"deriv, converb"
17,"Например, увидев по телевизору репортаж об очередном массовом беспорядке, мы не интересуемся конкретными участниками данного действа нас больше волнует сам факт происшествия массового беспорядка и его последствия.","Например, увидев по телевизору репортаж об очередном массовом беспорядке, мы не интересуемся конкретными участниками данного действа, нас больше волнует сам факт происхождения массового беспорядка и его последствия.",происшествия,"deriv, lex, word"
18,"И безусловно, он расширяет возможности каждого человек Самым весомым аргументом в пользу интернета, является, пожалуй, то, что он облегчает нашу повседневную жизнь.","И безусловно, он расширяет возможности каждого человека. Самым весомым аргументом в пользу интернета, является, пожалуй, то, что он облегчает нашу повседневную жизнь.",человек,"agr, cause, typo"
19,"Люди с лёгкостью могут находить себе друзей по интересам, делиться опытом, приобретать новые знание Всё вышесказанное создано для того, чтобы экономить наши время, силы и деньги.","Люди с лёгкостью могут находить себе друзей по интересам, делиться опытом, приобретать новые знания. Всё вышесказанное создано для того, чтобы экономить наши время, силы и деньги.",знание,"agr, cause, typo"
20,На тот момент он являлся культурным центром Америки и как раз в то время происходила наибольший рост численности городов.,"На тот момент он являлся культурным центром Америки, и как раз в то время происходил наибольший рост численности городов.",происходила,"agr, aux"
21,"Длительное уединение как таковое приводит к более острому ощущения одиночества, дискомфорта, актуализируется общение с другими людьми.","Длительное уединение как таковое приводит к более острому ощущению одиночества, дискомфорта, актуализируется общение с другими людьми.",ощущения,"agr, cause, typo"
22,"Окружающие люди забирают у индивиду его энергию, которую время от времени надо компенсировать С другой стороны, не стоит слишком много быть наедине с собой.","Окружающие люди забирают у индивида его энергию, которую время от времени надо компенсировать. С другой стороны, не стоит слишком много быть наедине с собой.",индивиду,"agr, cause, typo"
23,"Здесь, конечно, можно возразить, припомнив второе, переносное, значение слова « ремесленник »: это человек, который действует по шаблону, не создавая ничего новаторского Безусловно, рассматривать художника с такой точки зрения нельзя, так как вся суть процесса творчества – это привнесение свежей струи в вековой поток уже выраженных кем-то через искусство мыслей и чувств.","Здесь, конечно, можно возразить, припомнив второе, переносное, значение слова «ремесленник»: это человек, который действует по шаблону, не создавая ничего нового. Безусловно, рассматривать художника с такой точки зрения нельзя, так как вся суть процесса творчества – это привнесение свежей струи в вековой поток уже выраженных кем-то через искусство мыслей и чувств.",новаторского,"deriv, lex, word"
24,Главная пешая улица Стамбула просто наводнена людьми со всех концов света.,Главная пешеходная улица Стамбула просто наводнена людьми со всех концов света.,пешая,deriv
26,Его мечта —\n высокооплачиваемая работа.,Его мечта — высокооплачиваемая работа.,\n,typo
27,Курс теории Галуа учит решать очень тяжелый задачи.,Курс теории Галуа учит решать очень тяжелые задачи.,тяжелый,"agr, cause, typo"
28,"Поэтому, по моему мнению, лучше использовать другие методы экзаменовки такие как написание эссе или ответы по билетам.","Поэтому, по моему мнению, лучше использовать другие методы экзаменования, такие как написание эссе или ответы по билетам.",экзаменовки,"deriv, paron"
29,Ведь если мы не можем применить усвоенные данные то становится невозможным и оценка их истинности.,"Ведь если мы не можем применить усвоенные данные, то становится невозможна и оценка их истинности.",невозможным,agr
30,"В этом случае начинается « зубрежка », которая и вправду помогала сдать экзамены.","В этом случае начинается «зубрежка», которая и вправду помогала сдавать экзамены.",сдать,"deriv, asp"
31,"Но все же, я считаю, что при зубрежки новый материал усваивается намного хуже, чем при осознанном понимании.","Но все же, я считаю, что при заучивании новый материал усваивается намного хуже, чем при осознанном понимании.",зубрежки,"infl, styl, colloq"
32,В современном мире нам часто приходиться переживать и нервничать из-за чего страдает наша нервная система.,"В современном мире нам часто приходится переживать и нервничать, из-за чего страдает наша нервная система",приходиться,infl
33,"Поэтому чтобы получить высокий балл, порой достаточно быстро выучить какие-то данные понятия и рассказать их Возможно, ты даже не вспомнишь всего, как только выйдешь из кабинета.","Поэтому чтобы получить высокий балл, порой достаточно быстро выучить какие-то определённые понятия и рассказать их. Возможно, ты даже не вспомнишь всего, как только выйдешь из кабинета.",данные,"deriv, paron, lex, word"
34,Цветущие вишневые деревья заполняют воздух тонким ароматом.,Цветущие вишневые деревья наполняют воздух тонким ароматом.,заполняют,deriv
35,"Во-вторых - знания , полученные в ходе изучение таких предметов, послужит базой для общения с людьми любой культуры.","Во-вторых - знания, полученные в ходе изучения таких предметов, послужат базой для общения с людьми любой культуры.",изучение,"gov, cause, typo"
36,"В-третьих, с групповыми стереотипами тесно связаны этнические стереотипы и культурные стереотипы вообще Например, предвзятое отношение к членам других этносов ( негативный гетростереотип).","В-третьих, с групповыми стереотипами тесно связаны этнические стереотипы и культурные стереотипы вообще. Например, предвзятое отношение к членам других этносов (негативный гетеростереотип).",гетростереотип,"deriv, paron, cause, typo"
37,"Этот выдуманная беседа открывает один важный момент: запомнить – это заучить, чтобы впоследствии машинально извлечь из себя, воспроизвести точь-в-точь так, как принял.","Эта выдуманная беседа открывает один важный момент: запомнить – это заучить, чтобы впоследствии машинально извлечь из себя, воспроизвести точь-в-точь так, как принял.",Этот,"infl, cause, typo"
38,"Представьте себе человека, который никогда в своей жизни не видел и не знал о том, что такое море.","Представьте себе человека, который никогда в своей жизни не видел моря и не знал, что это такое.","не знал о том,  что такое море","gov, constr"
39,"Я считаю что оба аспекта важны, но в первую очередь человек должен стемиться к саморазвитию, к культуре, к познанию мира, и в данном ситуации ценность образования превосходит его полезность.","Я считаю, что оба аспекта важны, но в первую очередь человек должен стремиться к саморазвитию, к культуре, к познанию мира, и в данной ситуации ценность образования превосходит его полезность.",данном,"gov, cause, typo, official"
41,"У правительства своя отгороженная дорога, к магазинам также отдельные подъездные полосы или дороги и всем бы все хватало!","У правительства своя отгороженная дорога, к магазинам также отдельные подъездные полосы или дороги, и всем бы всего хватало!",все,"gov, colloq"
42,Большую конкуренцию составляет либерализм и социализм.,Большую конкуренцию составляют либерализм и социализм.,составляет,agr
43,Невероятно красивые живописные пейзажи захватывают дух своей красотой.,Невероятно красивые живописные пейзажи захватывают дух.,красотой,"gov, tauto"
44,"Часто нам прививают определённые стереотипы относительно явлений, и нам сложно помыслить эти явления в условиях, отличных от этих стереотипов.","Часто нам прививают определённые стереотипы относительно явлений, и нам сложно представить эти явления в условиях, отличных от этих стереотипов.",помыслить,"deriv, paron, lex, word"
45,"Я буду говорить о настоящих самоубийствах, а не попытках запугать близких или сыграть на их чувствах и психологии, которые тоже имеют место быть в довольно больших масштабах.","Я буду говорить о настоящих самоубийствах, а не попытках запугать близких или сыграть на их чувствах и психике, пусть эти попытки тоже имеют место быть в довольно больших масштабах.",психологии,"deriv, paron, lex, word"
46,"Фейман приводит несколько примеров того, как люди не могут узнать какое-то правило в реальных жизненных обстоятельствах.","Фейнман приводит несколько примеров того, как люди не могут распознать какое-то правило в реальных жизненных обстоятельствах.",узнать,"deriv, paron, lex, word"
47,"Благодаря международным сервисам, таким как « Фацебоок », « Мы Спаце », можно связаться с людьми из любой части земного шара и улучшать уровень языка, увеличивая словарный запас.","Благодаря международным сервисам, таким как « Фацебоок », « Мы Спаце », можно связаться с людьми из любой части земного шара и улучшить уровень языка, увеличивая словарный запас.",улучшать,"deriv, asp, coord, lex, phrase"
48,"Эти сервисы помогают людям объединиться в группы с теми, кто разделяет их интересы.","Эти сервисы помогают людям объединяться в группы с теми, кто разделяет их интересы.",объединиться,"deriv, asp"
50,"Ведь в толпе человек порой изменят своим принципам, привычкам, делает то, всю жизнь считал неприемлемым.","Ведь в толпе человек порой изменяет своим принципам, привычкам, делает то, что всю жизнь считал неприемлемым.",изменят,"infl, cause, typo"
51,"Очень сильно, как я считаю, на нас влияют пробки и скопления огромного количества народу.","Очень сильно, как я считаю, на нас влияют пробки и скопления огромного количества народа.",народу,infl
52,Как министерство образование могло допустить такую утечку информации?!,Как министерство образования могло допустить такую утечку информации?!,образование,"gov, cause, typo"
53,"Свой успех Талеб так же объясняет умением расширить границы своих ожиданий и принимать в расчет маловероятные события - те самые"" Чёрные лебеди"". ","Свой успех Талеб так же объясняет умением расширять границы своих ожиданий и принимать в расчет маловероятные события - те самые ""Чёрные лебеди"".",расширить,"deriv, asp"
54,Другим важным фактором является здоровье: почти пятая часть населения Россия не может иметь детей.,Другим важным фактором является здоровье: почти пятая часть населения России не может иметь детей.,Россия,"infl, cause, typo"
55,В настоящее время я работаю в компании ФИННЕАСТ ЛОГИСТИЦС ГРОУП на должности менеджер транспортной логистики.,В настоящее время я работаю в компании ФИННЕАСТ ЛОГИСТИЦС ГРОУП в должности менеджера транспортной логистики.,на,gov
56,"Для меня было очень большой неожиданностью выигрывать несколько конкурсов, впрочем как и закончить саму музыкальную школу на отлично.","Для меня было очень большой неожиданностью выиграть несколько конкурсов, впрочем, как и закончить саму музыкальную школу на отлично.",выигрывать,"deriv, asp"
57,"Здравствуйте. имя – Сергей Нагорный, и сейчас я собираюсь рассказать о паре интересных моментах моей жизни, которые в разной мере повлияли на меня и на то, что меня окружает.","Здравствуйте. Мое имя – Сергей Нагорный, и сейчас я собираюсь рассказать о паре интересных моментов моей жизни, которые в разной мере повлияли на меня и на то, что меня окружает.",моментах,gov
58,"Умение предсказывать появление"" Чёрных лебедей"", а не объяснять причину возникновение после всех событий, а так же способность лавировать и преуспевать в таких условиях являются основной темой данной книги. ","Умение предсказывать появление ""Чёрных лебедей"", а не объяснять причину их возникновения после всех событий, а так же способность лавировать и преуспевать в таких условиях являются основной темой данной книги.",возникновение,"infl, lack"
59,"Другими словами, виртуальное общение становиться образом жизни, а это негативно влияет на личную жизнь и карьеру.","Другими словами, виртуальное общение становится образом жизни, а это негативно влияет на личную жизнь и карьеру.",становиться,"deriv, asp"
60,"Безусловно, мы не можем отрицать удобность тестов, потому что они помогают преподавателям значительно сэкономить время как на самом экзамене, так и при дальнейшей проверке работ.","Безусловно, мы не можем отрицать удобство тестов, потому что они помогают преподавателям значительно сэкономить время как на самом экзамене, так и при дальнейшей проверке работ.",удобность,"deriv, paron"
61,"Прежде всего, рекомендуема к прочтению студентам экономических и юридических специальностей, а также ученым.","Прежде всего, рекомендуется к прочтению студентам экономических и юридических специальностей, а также ученым.",рекомендуема,"deriv, paron, cause, typo"
62,"По собственному опыту, а также опыту других экзаменуемых могу сказать, что на многие вопросы, каким бы они не были сложными, можно было верно ответить с вероятностью 25%, и в некоторых случаях это действительно « срабатывало ».","По собственному опыту, а также опыту других экзаменуемых могу сказать, что на многие вопросы, какими бы они ни были сложными, можно было верно ответить с вероятностью 25%, и в некоторых случаях это действительно «срабатывало».",каким,"ref, compar, lex, constr"
63,"В Интернете содержится огромное количество полезной информации, которое доступно каждому заинтересованному лицу.","В Интернете содержится огромное количество полезной информации, которая доступно каждому заинтересованному лицу.",которое,"ref, discourse"
64,"Данный научный труд может быть интерен к прочтению не только политикам, экономистам и философам, но и обычному человеку, которому она и была предназначена изначально.","Данный научный труд может быть интерен к прочтению не только политикам, экономистам и философам, но и обычным людям, которым она и была предназначена изначально.",которому,"gov, lack"
65,"Хайек прослеживает связь между социализмом и тоталитарными режимами, рассматривает и описывает тенденцию развития отношения государства и общества в 19-20 веках, причины и последствия усиления государственного контроля над людьми и сферами их деятельности.","Хайек прослеживает связь между социализмом и тоталитарными режимами, рассматривает и описывает тенденцию развития отношений государства и общества в 19-20 веках, причины и последствия усиления государственного контроля над людьми и сферами их деятельности.",отношения,"infl, lack"
66,Задание 4. Моя жизнь стала на много насыщенной после начала 2013 года.,Задание 4. Моя жизнь стала намного более насыщенной после начала 2013 года.,насыщенной,"infl, compar"
67,Минусов рекламы тоже очень много.,Минусов у рекламы тоже очень много.,рекламы,gov
68,"В своих работах Лаков описывает семантическое развитие значения как переход от конкретного к абстрактному, В. А. Плунгян и Е.В.Рахилина статьи предлагают изменить этот подход на противоположный.","В своих работах Лаков описывает семантическое развитие значения как переход от конкретного к абстрактному, В. А. Плунгян и Е. В. Рахилина в своих статьях предлагают изменить этот подход на противоположный.",статьи,"agr, lack"
70,"Исследователь Дженс Прусснер, доктор наук, директор институт ментального здоровья в Монреале проводил опыт, который доказал, что жители городов менее устойчивы к стрессу по сравнению с сельскими жителями.","Исследователь Дженс Прусснер, доктор наук, директор института ментального здоровья в Монреале проводил опыт, который доказал, что жители городов менее устойчивы к стрессу по сравнению с сельскими жителями.",институт,"gov, cause, typo"
71,"В первом случае мы исходим из так называемой « функциональной » гипотезы, при этом мы принимаем за наиболее характерные « конфигурациональные » значения предлога, из которого путем изменения некоторых параметров могут быть получены все остальные значения.","В первом случае мы исходим из так называемой «функциональной» гипотезы, при этом мы принимаем за наиболее характерные «конфигурациональные» значения предлога, из которых путем изменения некоторых параметров могут быть получены все остальные значения.",из которого,"ref, pron, complex, rel_clause"
72,"В конце статьи « Предлог над: факты и интерпретации » следует обобщить вышесказанное В первую очередь необходимо отметить, что предлог над по сравнению с другими русскими предлогами обладает более компактной и обозримой сетью значений, среди которых можно выделить « пространственные »,« непространственные » и « смешанные » употребления предлога над При пространственном значении предлога над локализуемый объект занимает позицию выше ориентира и при этом не находится с ним в контакте.","В конце статьи «Предлог над: факты и интерпретации» следует обобщить вышесказанное. В первую очередь необходимо отметить, что предлог 'над' по сравнению с другими русскими предлогами обладает более компактной и обозримой сетью значений, среди которых можно выделить «пространственные», «непространственные» и «смешанные» употребления предлога 'над'. В пространственном значении предлога 'над' локализуемый объект занимает позицию выше ориентира и при этом не находится с ним в контакте.",При,"gov, lex, phrase"
73,"Безусловно, многие студент вне зависимости от возраста и курса задумывается над тем, чтобы как можно раньше найти оплачиваемую работу и получить определенный опыт.","Безусловно, многие студенты вне зависимости от возраста и курса задумываются над тем, чтобы как можно раньше найти оплачиваемую работу и получить определенный опыт.",студент,"agr, cause, typo"
74,"Один всё выучил, пишет всё сам, другой или списывает у кого-то или выбирает ответы просто наугад, а, в конечном счете, оценка у них одна.","Один всё выучил, пишет всё сам, другой или списывает у кого-то или выбирает ответы просто наугад, а в конечном счете оценка у них одинаковая.",одна,"deriv, paron"
75,Сценарный подход помог бы избежать недостаточности информации.,Сценарный подход помог бы избежать недостатка информации.,недостаточности,"deriv, paron, lex, word"
76,"В-четвертых, мне кажется странным то, что примеры « на беду, на счастье » интерпретируются как пространственные примеры значений предлога « НА ».","В-четвертых, мне кажется странным то, что примеры «на беду, на счастье» интерпретируются как пространственные значения предлога «НА».",пространственные,"gov, constr"
77,"Более того, вероятность можно увеличивать, к примеру, используя метод исключения.","Более того, вероятность можно увеличить, к примеру, используя метод исключения.",увеличивать,"deriv, asp"
78,"Они готовы проводить в нем часами ведь благодаря Интернету в игры можно играть с друзьями, не выходя из дома.","Они готовы проводить в нем долгие часы, ведь благодаря Интернету в игры можно играть с друзьями, не выходя из дома.",часами,"infl, cause, contam"
79,"Автор выделяет признаки этого феномена, пытается продемонстрировать его важность, показать его влияние на жизнь людей, присоединить читателя к своим размышлениям.","Автор выделяет признаки этого феномена, пытается продемонстрировать его важность, показать его влияние на жизнь людей, привлечь читателя к своим размышлениям.",присоединить,"deriv, paron"
80,"Например, девушка скорее всего предпочтет к прочтению книгу"" Как привлечь к себе удачу"", чем учебник по высшей математике. ","Например, девушка скорее всего предпочтет прочитать книгу ""Как привлечь к себе удачу"", чем учебник по высшей математике. ",книгу,gov
82,чём Вы видите новаторство подхода Д. Пайара к анализу предлогов?,В чём Вы видите новаторство подхода Д. Пайара к анализу предлогов?,ч,typo
83,"Вместо этого он строит единый для предлога сценарий, из которого, в зависимости от семантических взаимоотношений между этим сценарием и актантами, а также от кнтекстуальных особенностей, выводится значение каждого отдельного употребления предлога.","Вместо этого он строит единый для предлога сценарий, из которого, в зависимости от семантических взаимоотношений между этим сценарием и актантами, а также от контекстуальных особенностей, выводится значение каждого отдельного употребления предлога.",н,typo
84,"Автор рассуждает о причинах возникновения неравенства людей перед законом, а также основах взаимоотношений властей и народа в государствах различных политических режимов.","Автор рассуждает о причинах возникновения неравенства людей перед законом, а также об основах взаимоотношений властей и народа в государствах различных политических режимов.",основах,"agr, lack, prep"
85,Так же всплывают и понятая теория.,Так же всплывает и понятая теория.,всплывают,"agr, lex, word, discourse, tauto"
86,Наша жизнь непостоянная и изменчива.,Наша жизнь изменчива.,непостоянная,"infl, tauto"
87,"Вы сможете порассуждать над проблемами экономического характера своего государства и, наверное, сделать новые открытия для себя!","Вы сможете обсудить проблемы экономического характера своего государства и, наверное, сделать новые открытия для себя!",порассуждать,"deriv, asp"
88,"Под урбанизацией подразумевают всемирный , исторический процесс повышения роди городов за счёт естественного роста городского населения , миграции из сельской местности и преобразовании её в городскую.","Под урбанизацией подразумевают всемирный, исторический процесс повышения роди городов за счёт естественного роста городского населения, миграции из сельской местности и преобразования её в городскую.",преобразовании,"gov, coord, discoord"
89,Ритм жизни и плотность населения в большом городе одновременно изматывает и даёт чувство безопасности: зачастую человеку просто бывает некогда задуматься о своих проблемах.,Ритм жизни и плотность населения в большом городе одновременно изматывают человека и дают ему чувство безопасности: зачастую человеку просто бывает некогда задуматься о своих проблемах.,даёт,"agr, lack"
90,"Без ее применения не сможет работать ни одно предприятие, фирма, заводы и т. д. Больницы и школы оснащены компьютерными технологиями.","Без ее применения не сможет работать ни одно предприятие, фирма, завод и т. д. Больницы и школы оснащены компьютерными технологиями.",заводы,"gov, coord, discoord"
91,"Сильно снизился уровень грамотности и читаемости, так как большинство подростков играют в компьютерные игры или же сидят в социальных сетях.","Сильно снизился уровень грамотности, так как большинство подростков играют в компьютерные игры или же сидят в социальных сетях.",читаемости,"deriv, coord, discoord"
92,"На одну платформу вмещается один сорока футовый контейнер , или два двадцати футовых , если получатель заказывает сорока футовый контейнер, тогда платформа сцепляется в состав и следуют по маршруту до конечной станции.","На одну платформу вмещается один сорокафутовый контейнер или два двадцатифутовых, если получатель заказывает сорокафутовый контейнер, тогда платформы сцепляются в состав и следуют по маршруту до конечной станции.",сорока футовый,deriv
93,"Кондиционеры, трикотаж, текстиль, телевизоры , телефоны, мебель, оборудование для производства продуктов питания, холодильники, и многое другие товары , ведь мы их используем ежедневно в повседневных нуждах.","Кондиционеры, трикотаж, текстиль, телевизоры, телефоны, мебель, оборудование для производства продуктов питания, холодильники и многие другие товары, ведь мы их используем ежедневно в обыденных нуждах.",повседневных,tauto
94,"Заключение: всего этого материала становится ясно, что бессмертие далеко не за горами и тем более это не миф.","В заключение всего этого материала становится ясно, что бессмертие далеко не за горами и тем более не миф.",заключение,word
95,"Главная идея анализа эмоций Пола Экмана заключается в том, что к каждому человеку нужен собственный подход, и интерпретация жестов должна первоначально строится от человека и потом подводится под общие системы.","Главная идея анализа эмоций Пола Экмана заключается в том, что к каждому человеку нужен собственный подход, и интерпретация жестов должна сначала строится от человека и потом подстраиваться под общие системы.",подводится,"deriv, asp"
96,"Дело в том, что перед тем, как выпустить их пациента наружу, с ним проводили беседу, что бы понять его степень выздоровления.","Дело в том, что перед тем, как выпустить их пациента наружу, с ним проводили беседу, чтобы понять его степень выздоровления.",что бы,word
97,"Во время опроса она отвечала на все вопросы искренне, и ни Экман ни психиатры не заметили каких либо признаков депрессии, и потому выписали ее.","Во время опроса она отвечала на все вопросы искренне, и ни Экман, ни психиатры не заметили каких-либо признаков депрессии, и потому выписали ее.",каких либо,word
98,"Он пересматривал запись с ее опросом множество раз и не мог понять, где же все таки она соврала.","Он пересматривал запись с ее опросом множество раз и не мог понять, где же все-таки она соврала.",все таки,word
99,"Нередко женщины идут в политику, чтобы защитить собственные права, улучшить ситуацию в социальной сфере, но таких много, а тех, кто мыслит глубоко, на профессиональном уровне, обобщая во едино все грани развития государства, мало.","Нередко женщины идут в политику, чтобы защитить собственные права, улучшить ситуацию в социальной сфере, но таких много, а тех, кто мыслит глубоко, на профессиональном уровне, обобщая воедино все грани развития государства, мало.",во едино,word
100,"Тетчер. рассматривать появление женщин в политике, как отрицательное явление, то можно увидеть, скорее, взгляд мужчин на этот вопрос.","Тетчер. Если рассматривать появление женщин в политике как отрицательное явление, то можно увидеть, скорее, взгляд мужчин на этот вопрос.",рассматривать,conn
101,"Для этого на собеседовании придется будет ответить на многочисленные вопросы из самых разных областей знаний, затем будущим сотрудникам предлагают пройти тестирование, а далее, возможно, последует испытательный срок.","Для этого на собеседовании нужно будет ответить на многочисленные вопросы из самых разных областей знаний, затем будущим сотрудникам предложат пройти тестирование, а далее, возможно, последует испытательный срок.",придётся,constr
102,"Также принудительное изучение материалов, который преподают в школах, не позволяет развиваться ученикам в отдельных областях, ведь учебная программа идет дальше темы сменяются и изученный материал остается позади.","Также принудительное изучение материалов, которые преподают в школах, не позволяет развиваться ученикам в отдельных областях, ведь учебная программа идет дальше, темы сменяются и изученный материал остается позади.",который,agr
103,"По каким-то причинам, которые я попытаюсь рассмотреть в этом эссе, языковая составляющая социальных сетей смело называется уникальным языком, диалектом, как угодно.","По каким-то причинам, которые я попытаюсь рассмотреть в этом эссе, языковую составляющую социальных сетей смело называют уникальным языком, диалектом, как угодно.",называется,"deriv, voice"
104,"Эти адреналин в крови, ощущение безграничной свободы и вседозволенности, понимание того, что весь мир лежит перед глазами делают человека совершенно другим, открывают невиданные стороны его характера, помогает познать мир и, через этот мир, самого себя.","Адреналин в крови, ощущение безграничной свободы и вседозволенности, понимание того, что весь мир лежит перед глазами, делают человека совершенно другим, открывают невиданные стороны его характера, помогают ему познать мир и, через этот мир, самого себя.",помогает,"agr, lack"
105,"Иногда это выглядит так: В других случаях изображения содержат и текст: В третьем случае пользователь пользуется как текстом, так и визуальным прложением Кроме того, если в указанных случаях пользователям необходимо самим в сети поискать изображения, то сервисы соцсетей обычно сами предлагают набор"" смайлов"", которые давно включают в себя не только лица, изображающие определенные интонации, но и предметы быта, которые при использовании в том или ином диалоге либо появляющиеся в дискуссиях наполняются новым смыслом, новым значением. ","Иногда это выглядит так: в других случаях изображения содержат и текст: в третьем случае пользователь пользуется как текстом, так и визуальным приложением. Кроме того, если в указанных случаях пользователям необходимо самим в сети поискать изображения, то сервисы соцсетей обычно сами предлагают набор ""смайлов"", которые давно включают в себя не только лица, изображающие определенные интонации, но и предметы быта, которые при использовании в том или ином диалоге либо появляющиеся в дискуссиях наполняются новым смыслом, новым значением. ",прложением,typo
106,"Если же в целом посмотреть на новшества, приходящие из соцесетей которые граничат между профессиональной терминологией программистов, молодежным слэнгом и жаргоном, видно, что эта языковая культура рождается во взаимодействии трех компонентов.","Если же в целом посмотреть на новшества, приходящие из социальных сетей, которые граничат между профессиональной терминологией программистов, молодежным слэнгом и жаргоном, видно, что эта языковая культура рождается во взаимодействии трех компонентов.",соцесетей,"typo, colloq"
107,"Я считаю, что главная причина состоит в том, что люди, по почему то неудовлетворённые в каких-то сферах жизни, ищут замены в альтернативной реальности.","Я считаю, что главная причина состоит в том, что люди, почему-то неудовлетворённые в каких-то сферах жизни, ищут замены в альтернативной реальности.",почему то,word
108,"Например, очень часто в социальных сетях и блогах можно встретить слово « лол », которое можно трактовать как примерно как « мне очень смешно », на самом деле является сокращением от английского « Лаугхинг Оут Лоуд », что значит « громко, вслух смеюсь ».« редлинт: Лол, какие же вы глупенькие, такое убогое клише « из сссрвских книжек прочитал », ну читай:« 15 сентября 1938 года Чемберлен прибывает на встречу с Гитлером в городе Берхтесгаден, в БаварскихАльпах. коллективный.","Например, очень часто в социальных сетях и блогах можно встретить слово «лол», которое можно трактовать как примерно «мне очень смешно», на самом деле является сокращением от английского «Лаугхинг Оут Лоуд», что значит «громко, вслух смеюсь». « редлинт: Лол, какие же вы глупенькие, такое убогое клише «из сссрвских книжек прочитал», ну читай: «15 сентября 1938 года Чемберлен прибывает на встречу с Гитлером в городе Берхтесгаден, в Баварских Альпах. коллективный.",как,typo
109,"Я что компьютерные игры существует для того, чтобы отвлечься на некоторое время от реальной жизни и получить удовольствие от виртуальной жизни.","Я считаю, что компьютерные игры существуют для того, чтобы отвлечься на некоторое время от реальной жизни и получить удовольствие от виртуальной.",жизни,tauto
110,Вы получите массу необычных узнав эту книгу.,"Вы получите массу необычных впечатлений, познав эту книгу.",массу необычных,lack
111,"В течении первых четырех лет я надеюсь получать высококлассное образование в Высшей Школе Экономики, овладеть двумя языками и завести отличных друзей на всю жизнь.","В течение первых четырех лет я надеюсь получить высококлассное образование в Высшей Школе Экономики, овладеть двумя языками и завести отличных друзей на всю жизнь.",течении,word
112,"Автор данного текста следует всем правилам построения: соблюдена целостность, прослеживается композиционная стройность, связь предложений осуществляется по средствам языкового скрепа и лексических повторов.","Автор данного текста следует всем правилам построения: соблюдена целостность, прослеживается композиционная стройность, связь предложений осуществляется посредсвтом языковой скрепы и лексических повторов.",скрепа,deriv
113,"Связи предложений не нарушены и осуществляются по средствам языковых скрепов ( конечно, разумеется), лексических повторов.","Связи предложений не нарушены и осуществляются посредством языковых скреп (конечно, разумеется), лексических повторов.",по средствам,deriv
114,"Здесь числа, факты, закономерности, экономика и многое другое преподноситься с совершенно другой стороны, не на секунду не отпуская внимание читателя.","Здесь числа, факты, закономерности, экономика и многое другое преподносятся с совершенно другой стороны, ни на секунду не отпуская внимание читателя.",не,deriv
115,"В книге « Черный лебедь» изложена идея о том, что мир наполнен случайностями, непредсказуемыми событиями, которые могут в корень изменить не только жизнь одного человека, но и всего человечества.","В книге « Черный лебедь» изложена идея о том, что мир наполнен случайностями, непредсказуемыми событиями, которые могут в корне изменить не только жизнь одного человека, но и всего человечества.",корень,"infl, cause, contam, WO"
116,"В своем эссе, я бы хотела подробно рассмотреть процесс изменения языка, а также понять причины вымирания отдельных слов и появление их современных аналогий В ходе написания этой работы, я изучала статьи российского лингвиста, доктора филологических наук Максима Кронгауза, которые в дальнейшем помогли мне сформировать единый образ современного русского языка.","В своем эссе я бы хотела подробно рассмотреть процесс изменения языка, а также понять причины вымирания отдельных слов и появление их современных аналогов. В ходе написания этой работы я изучала статьи российского лингвиста, доктора филологических наук Максима Кронгауза, которые в дальнейшем помогли мне сформировать единый образ современного русского языка.",аналогий,"deriv, lex, word"
117,"Таким образом, можно предположить, что целью Талеба Н. Н. при написании данной статьи явилось желание продемонстрировать ключевое значение неопределенностей и случайностей для общественного развития, что успешно демонстрирует на примере Чёрных Лебедей.","Таким образом, можно предположить, что целью Талеба Н. Н. при написании данной статьи являлось желание продемонстрировать ключевое значение неопределенностей и случайностей для общественного развития, что успешно демонстрирует на примере Чёрных Лебедей.",явилось,"deriv, asp, voice"
118,"Сегодня может случится революция, завтра начнется война, а послезавтра наступят аномальные холода.","Сегодня может случиться революция, завтра начнется война, а послезавтра наступят аномальные холода.",случится,"deriv, asp, voice"
119,"Автор адресуется к небольшому кругу читателей, изучающий данный принцип рационального мышления, для того чтобы доказать состоятельность своей научной идеи.","Автор адресуется небольшому кругу читателей, изучающих данный принцип рационального мышления, для того чтобы доказать состоятельность своей научной идеи.",изучающий,agr
120,"Этот пример очень точно показывает то, как русский язык с течением времени лишается слов, в виду появления их современных аналогий Соответственно употребление этих слов и в устной речи также сводиться к нулю.","Этот пример очень точно показывает то, как русский язык с течением времени лишается слов, ввиду появления их современных аналогов. Соответственно, употребление этих слов и в устной речи также сводится к нулю.",аналогий,"deriv, lex, word"
121,"Тезисы , касающийся прошлого, остается для нас до сих пор загадкой, так как нельзя в него заглянуть или проверить экспериментально, поэтому вопрос, наверное, больше относится к вере, чем к науке.","Тезисы , касающиеся прошлого, остаются для нас до сих пор загадкой, так как нельзя в него заглянуть или проверить экспериментально, поэтому вопрос, наверное, больше относится к вере, чем к науке.",касающийся,agr
122,Текст выполняют свою функцию – рассказать читателям о « Бритве Оккама ».,Текст выполняет свою функцию – рассказать читателям о «Бритве Оккама».,выполняют,agr
123,"Мне кажется, что текст написан человеком, владеющим знаниями философии и истории.","Мне кажется, что текст написан человеком, владеющим знаниями в философии и истории.",философии,gov
124,"Получается, что нормальной можно считать речь элитарного типа, но так сделать нельзя, потому что разговорные типы существует наравне с остальными и тоже имеют право на существование Важно решить, вопрос о допустимости и недопустимости тех или иных отклонений от норм.","Получается, что нормальной можно считать речь элитарного типа, но так сделать нельзя, потому что разговорные типы существуют наравне с остальными и тоже имеют право на существование. Важно решить вопрос о допустимости и недопустимости тех или иных отклонений от норм.",существует,"agr, discourse"
125,"Автор подымает в данном тексте определенную проблему, анализирует ее, следовательно он написал этот текст, чтобы читатели задумались так же, как и он.","Автор поднимает в данном тексте определенную проблему, анализирует ее, следовательно, он написал этот текст, чтобы читатели задумались так же, как и он.",подымает,"deriv, styl, colloq"
126,"Словарь словарь будет интересен людям, заботящимся о грамотности своей речи.","Словарь будет интересен людям, заботящимся о грамотности своей речи.",словарь,"typo, tauto"
127,"Журналист, обращается к широкой публике, но хоть как то знакомых с автомобильным движением.","Журналист обращается к широкой публике, но хоть как-то знакомой с автомобильным движением.",знакомых,word
128,"Так, например, первый абзац мог бы кончиться словами « социального времени », а второй заканчивался бы словами « поведение в потоке ».","Так, например, первый абзац мог бы кончиться словами «социального времени», а второй - «поведение в потоке».",заканчивался,"infl, discourse, tauto"
129,"Текст был написан для всего общества, так как эта проблема очень актуально в наши дни, и именно сейчас идет тенденция перестроения общественной системы, в которой женщины стремятся занять для себя стоящую позицию.","Текст был написан для всего общества, так как эта проблема очень актуальна в наши дни, и именно сейчас идет тенденция перестройки общественной системы, в которой женщины стремятся занять для себя стоящую позицию.",актуально,agr
130,"В первую очередь это было вызвано тем, что неопытные блоггеры хотели как можно скорее стать « своими» в речевом пространстве блогосферы и сами того не подозревая популяризовывали те или иные речевые обороты или особенности написания и форматирования текста, присущие данным сетевым субкультурам.","В первую очередь это было вызвано тем, что неопытные блоггеры хотели как можно скорее стать « своими» в речевом пространстве блогосферы и, сами того не подозревая, популяризировали те или иные речевые обороты или особенности написания и форматирования текста, присущие данным сетевым субкультурам.",популяризовывали,asp
131,"Меня заинтересовала вакансия помощника логиста, которую ваша компания разместила на сайте jobs.ru Я не раз слышала о прогрессивности вашей компании, её желанию привлекать к работе в первую очередь молодых специалистов.","Меня заинтересовала вакансия помощника логиста, которую ваша компания разместила на сайте jobs.ru. Я не раз слышала о прогрессивности вашей компании, о её желании привлекать к работе в первую очередь молодых специалистов.",желанию,gov
132,"Меня заинтересовала вакансия на должность в Вашей компании, размещенная на сайте работа.сландо.ру . Я соответствую всем требованиям к претендентам на данную позицию В течении последних лет я был помощником директора на складе, получая огромные опыт работы с трансфером товара компании Аивон.","Меня заинтересовала вакансия на должность в Вашей компании, размещенная на сайте работа.сландо.ру. Я соответствую всем требованиям к претендентам на данную позицию. В течение последних лет я был помощником директора на складе, получая огромный опыт работы с трансфером товара компании ""Аивон"". ",огромные,"agr, lex, intens"
133,"Я считаю, что именно данное условие поставок оптимальны для покупателей, потому что если осуществлять поставку на условиях ехwорд,или на других условия поставок при котором обязанности отправителя заканчиваются предоставлением товара на фабрике, или предоставлением груза на порту без таможенного оформления , у покупателя возникнут проблемы с транспортировкой грузов, так как менеджеры китайских заводов имеют большой опыт в доставке грузов соответственно им известны оптимальные маршруты и выгодные условия доставок грузов.","Я считаю, что именно данное условие поставок оптимально для покупателей, потому что если осуществлять поставку на условиях ехwорд или на других условиях поставок, при которых обязанности отправителя заканчиваются предоставлением товара на фабрике или предоставлением груза в порту без таможенного оформления, у покупателя возникнут проблемы с транспортировкой грузов, так как менеджеры китайских заводов имеют большой опыт в доставке грузов, соответственно, им известны оптимальные маршруты и выгодные условия доставки грузов.",на,gov
134,Автоперевозки осуществляется в исключительных ситуациях.,Автоперевозки осуществляются в исключительных ситуациях.,осуществляется,agr
135,"Так происходит, потому что школа требует знаний теории, не очень приветствует творческие новые идеи, она следует стандартам и требует формальности.","Так происходит, потому что школа требует знания теории, не очень приветствует творческие новые идеи, она следует стандартам и требует формальности.",знаний,infl
136,"Внедрение несложных компьютеров в фотоаппараты в конце 90-х годов позволяет существенно упростить и ускорить на основе численной обработки изображений, операции как самого фотографирования людей и пейзажей так и их размножения ( причем в цветном виде тоже).","Внедрение несложных компьютеров в фотоаппараты в конце 90-х годов позволило существенно упростить и ускорить на основе численной обработки изображений, операции как самого фотографирования людей и пейзажей, так и их размножения (причем в цветном виде тоже).",позволяет,asp
137,"Разрешение на переливание было получено. . Поэтому, состояние врачей в таких ситуациях мне весьма понятна На них лежит слишком много ответственности в любой ситуации.",Разрешение на переливание было получено... Поэтому состояние врачей в таких ситуациях мне весьма понятно. На них лежит слишком много ответственности в любой ситуации.,понятна,"agr, cause, typo"
139,"Я считаю, что роман всё же отличается от остальных произведений Уайльда, так как в некоторых местах « Телени » может показаться чересчур откровенным и иногда даже вульгарным, когда как в остальных произведениях Уайльда всегда сохранятся изящество, балансирующее на грани вычурности, но не переходящее за неё.","Я считаю, что роман всё же отличается от остальных произведений Уайльда, так как в некоторых местах «Телени» может показаться чересчур откровенным и иногда даже вульгарным, тогда как в остальных произведениях Уайльда всегда сохраняется изящество, балансирующее на грани вычурности, но не переходящее за рамки неё.",когда,"deriv, paron, conn"
140,"Тест ориентирован на информированность, а не на понимания вопроса.","Тест ориентирован на информированность, а не на понимание вопроса.",понимания,infl
141,"В стране производят оборудования шины, автозапчасти, строительных материалы и много других полезных товаров для нашего комфорта в повседневной жизни.","В стране производят оборудование, шины, автозапчасти, строительные материалы и много других полезных товаров для нашего комфорта в повседневной жизни.",оборудования,infl
142,"Более того, это не выявляет интересной, в таком случаи, нам информации, так как по большей части содержательная, как и коммуникативная, сторона речи политика продуманы и заготовлены.","Более того, это не выявляет интересной, в таком случае, нам информации, так как по большей части содержательная, как и коммуникативная, сторона речи политика продуманы и заготовлены.",случаи,"agr, cause, typo"
143,"В нашем примере это то, как правильно развивается наша страна и как важно поддерживать и улучшать эти показатели.","В нашем примере показано, как правильно развивается наша страна и как важно поддерживать и улучшать эти показатели.",это то,constr
144,"Информационно-правовой базой является литература таких авторов, как: Ермакова В. П., Макиева З. Г., Прокофьевой Ж. В., Короткова Э. М., работы Ременникова В. Б., Кулагина О. А., Трояновского В. М. по теории управленческих решений.","Информационно-правовой базой является литература таких авторов, как: Ермакова В. П., Макиева З. Г., Прокофьева Ж. В., Короткова Э. М., работы Ременникова В. Б., Кулагина О. А., Трояновского В. М. по теории управленческих решений.",Прокофьевой,coord
145,"С продуктами питания скорей всего дела обстоят проще, ведь их можно увидеть и различить А вот мы увидим ли мы, и узнаем ли, что вот в данном заводе стоит вот такое китайское оборудование или тот кондиционер, который стоит в соседней комнате китайский.","С продуктами питания, скорее всего, дела обстоят проще, ведь их можно увидеть и различить. А вот увидим ли мы и узнаем ли, что вот в данном заводе стоит? Вот такое китайское оборудование или тот кондиционер, который стоит в соседней комнате, - китайский.",скорей,"infl, styl, colloq"
146,"Во-вторых, наносится огромный вред животным, например, птицам, которые ориентируются по звёздам, сбивая их с курса, что за частую ведёт к гибели птиц.","Во-вторых, наносится огромный вред животным, например, птицам, которые ориентируются по звёздам, тем, что их сбивают с курса, что зачастую ведёт к гибели птиц.",за частую,"typo, cause"
147,"Это означает, что делегации острова не сможет участвовать как в голосованиях, так и в комиссии.","Это означает, что делегация острова не сможет участвовать как в голосованиях, так и в комиссии.",делегации,"agr, discourse, typo"
148,"Наиболее яркой тактикой считается тактикой для реализации стратегии дискредитации считается высмеивание, насмешка - умаление авторитета человека через осмеяние.","Наиболее яркой тактикой для реализации стратегии дискредитации считается высмеивание, насмешка - умаление авторитета человека через осмеяние.",считается тактикой,tauto
149,В сороковых годах интенсивность этого процесса усилилась.,В сороковых годах интенсивность этого процесса увеличилась.,усилилась,"lex, word"
150,"Конечно, пока современные технологии не позволяют изобрести таблетку, которая лечила все болезни, но они позволяют создавать комплекс таблеток.","Конечно, пока современные технологии не позволяют изобрести таблетку, которая лечила бы все болезни, но они позволяют создавать комплекс таблеток.",лечила,"asp, deriv, lack"
151,"Одна таблетка будет ориентирована на определенное заболевание: грибок, вирус, аутоиммунное заболевание, или просто простуда.","Одна таблетка будет ориентирована на определенное заболевание: грибок, вирус, аутоиммунное заболевание, или просто простуду.",простуда,"infl, gov"
152,"В ответ на возражения поборников рафинированной духовности, что, дескать, не следует смешивать грешное с праведным, ответчу, не вдаваясь в теоретические лабиринты: духовность, не подтвержденная гармонией с внешним миром, когда нечего обуть самому и дети голодные, представляет собой весьма жалкое, а подчас отталкивающее зрелище.","В ответ на возражения поборников рафинированной духовности, что, дескать, не следует смешивать грешное с праведным, отвечу, не вдаваясь в теоретические лабиринты: духовность, не подтвержденная гармонией с внешним миром, когда нечего обуть самому и дети голодные, представляет собой весьма жалкое, а подчас отталкивающее зрелище.",ответчу,"typo, cause"
153,"Итак, а я очень сильно надеюсь, что, написав данную работу, не пополнила ряды и без того большое количество канцелярных трудов.","Итак, а я очень сильно надеюсь, что, написав данную работу, не пополнила ряды и без того большого количества канцелярских трудов.",канцелярных,"deriv, paron, lex, word"
154,"На 33% снижается риск развитие диабета 2-го типа, если регулярно тренироваться по 20 мин. три раза в неделю.Лобная и височная доли головного мозга атрофируются с возрастом - это давно установленный факт.","На 33% снижается риск развития диабета 2-го типа, если регулярно тренироваться по 20 мин. три раза в неделю. Лобная и височная доли головного мозга атрофируются с возрастом - это давно установленный факт.",развитие,"gov, cause, typo"
155,"Таким образом, основной целью исследования является изучение основных методов адаптации, правовых и стратегических, к сегодняшнему рынку звукозаписей в мире, а также исследование возможности применения этих методов в России.","Таким образом, основной целью исследования является изучение основных методов адаптации, правовых и стратегических, к сегодняшнему рынку звукозаписи в мире, а также исследование возможности применения этих методов в России.",рынку звукозаписей,"infl, lex, phrase"
156,"По моему мнению, это происходит из-за того, что процесс обучения людей продолжается на протяжении всей их жизни, во время которого они вынуждены переработать и запомнить немереное количество информации, а так как возможности мозга небезграничны, то существует большая вероятность того, что факты, не оставившие какой-то след в человеческом сознании, будут забыты.","По моему мнению, это происходит из-за того, что процесс обучения людей продолжается на протяжении всей жизни, во время которого они вынуждены переработать и запомнить огромное количество информации, а так как возможности мозга ограничены, то существует большая вероятность того, что факты, не оставившие какой-то след в человеческом сознании, будут забыты.",немереное,"lex, word"
157,"Она состоит из множества практик коммерческое , жилищное, семейное право.","Она состоит из множества практик: коммерческого, жилищного, семейного права.",коммерческое,agr
158,"Многие философы древности давали этому понятие свое разъяснение, например, Аристотель полагал, что « риторика есть искусство убеждать », а Квинтилиан считал, что « риторика – искусство хорошо говорить »","Многие философы древности давали этому понятию свое объяснение, например, Аристотель полагал, что риторика есть искусство убеждать, а Квинтилиан считал, что риторика – искусство хорошо говорить.",понятие,"gov, cause, typo"
159,"Замысел речи подразумевает уточнение тему речи, тезис, цель и жанр.","Замысел речи подразумевает уточнение темы речи, тезиса, цели и жанра.",тему,"gov, cause, typo"
160,"Вчера я смотрел из окна на закат , он было очень красив , но огромные клубы дыма, выпускаемого из огромных труб ТЭС закрывали самую красивую часть неба и эти образованные тучи , подсвеченные заходящим солнцем казались мне такими же серыми как и жизнь детей, растущих в веке технологий.","Вчера я смотрел из окна на закат, он был очень красив, но огромные клубы дыма, выпускаемого из огромных труб ТЭС закрывали самую красивую часть неба и эти образовавшиеся тучи, подсвеченные заходящим солнцем казались мне такими же серыми как и жизнь детей, растущих в веке технологий.",было,"infl, cause, typo"
161,"Если не уметь использовать знания в реальной жизни, то ценность их стремительно приближается к нулю.","Если не уметь пользоваться знаниями в реальной жизни, то ценность их стремительно приближается к нулю.",использовать,infl
162,При написании данной работой пользовалась статьей « По поводу « локалистской » концепции значения: предлог под » В.А.,При написании данной работы я пользовалась статьей «По поводу «локалистской» концепции значения: предлог под» В.А.,работой,"agr, lack"
163,"2. Значения, в которых доминирующее положение Х-а определяется в терминах пространственно статики или динамики.","2. Значения, в которых доминирующее положение Х-а, определяется в терминах пространственной статики или динамики.",пространственно,"agr, cause, typo"
164,"Где-то слышится трель соловья, стуки дятла, шорох стаи пролетающих мимо птиц.","Где-то слышатся трель соловья, стук дятла, шорох стаи пролетающих мимо птиц.",стуки,infl
165,"Гуманитарные курсы нужны для того, что бы человек умел или учился « наращивать фундамент », ту культурную базу, которая может пригодится ему потом при общении с людьми других культур, следовательно, это способствует лучшему пониманию.","Гуманитарные курсы нужны для того, чтобы человек умел или учился «наращивать фундамент», ту культурную базу, которая может пригодиться ему потом при общении с людьми других культур, следовательно, это способствует лучшему пониманию.",что бы,typo
166,"Но ведь принято считать, что русский язык, как один из самых сложных, интересных, насыщенных и красивых языков мира, должен звучать мелодично и гармонично, не вызывая отторжения у слухового аппарата, словно прекрасная соловьиная трель, разбудившая солнечным утром.","Но ведь принято считать, что русский язык, как один из самых сложных, интересных, насыщенных и красивых языков мира, должен звучать мелодично и гармонично, не вызывая отторжения у слуха, словно прекрасная соловьиная трель, разбудившая солнечным утром.",слухового аппарата,"lex, word"
167,"Вместе с распространением культуры общения в социальных сетях, устная речь претерпевает свои изменение Рассматривая русский язык, как науку, можно сделать вывод о том, что на данном этапе она находится в регрессе Наука в своем смысле требует от человека, который ей занимается, ежедневных тренировок.","В своем эссе я бы хотела подробно рассмотреть процесс изменения языка, а также понять причины вымирания отдельных слов и появление их современных аналогов. В ходе написания этой работы я изучала статьи российского лингвиста, доктора филологических наук Максима Кронгауза, которые в дальнейшем помогли мне сформировать единый образ современного русского языка.",изменение,typo
169,"Там вы покатаетесь на самых быстрых американских горках, побываете в комнате страхов, вас даже могут нарядить и причесать, как любимого персонажа из мультфильмов Диснеы.Множество аттракционов расположено в этом парке на любой вкус и для всех возрастов.","Там вы покатаетесь на самых быстрых американских горках, побываете в комнате страхов, вас даже могут нарядить и причесать, как любимого персонажа из мультфильмов Диснея. Множество аттракционов расположено в этом парке на любой вкус и для всех возрастов.",Диснеы,typo
170,"Во многих парках приходиться платить за каждый аттракцион и из-за их дорогой стоимости, вы покатаетесь максимум на 5 аттракционах, если конечно не возьмете с собой тысяч так десять рублей.","Во многих парках приходится платить за каждый аттракцион, и из-за их дорогой стоимости вы покатаетесь максимум на 5 аттракционах, если, конечно, не возьмете с собой тысяч так десять рублей.",приходиться,"typo, infl"
171,"Приближаясь к мору, всё больше чувствуется приятный запах свежести, бриза чистоты.","Когда приближаешься к морю, всё больше чувствуется приятный запах свежести, бриза, чистоты.",бриза чистоты,typo
172,"Безусловно, безумно хочется увидеть своими глаза такое явление как“ белые ночи”, для тех, кто не знает, говоря простым языком, это когда ночью практически также светло, как и поздним вечером, как по мне, так это просто удивительно!","Безусловно, безумно хочется увидеть своими глаза такое явление как “белые ночи”, для тех, кто не знает, говоря простым языком, это когда ночью практически так же светло, как и поздним вечером, как по мне, так это просто удивительно!",также,"typo, lex, word, compar"
173,"Замена на вопреки в ( 19) создает новое значение: изначальный предлог показывает пренебрежение этой « горой трупов », но если заменить на вопреки, то « гора трупов » будто оживляется и мешает режиссёру снять фильм.","Замена на 'вопреки' в (19) создает новое значение: изначальный предлог показывает пренебрежение этой «горой трупов», но если заменить на 'вопреки', то «гора трупов» будто оживает и мешает режиссёру снять фильм.",оживляется,asp
174,"Удивительно то, что вроде пару дней назад была зима, а тут вот за кротчайшее время мир поменялся очень резко.","Удивительно то, что вроде пару дней назад была зима, а тут вот за кратчайшее время мир поменялся очень резко.",кротчайшее,"typo, word"
175,"Направо: вихрь домов, вывесок, кофеин, магазинов, толпы сменяется умиротворением парка с пасущимися голубями, играющими детишками и стариками на лавочке.","Направо: вихрь домов, вывесок, кофеен, магазинов, толпы сменяется умиротворением парка с пасущимися голубями, играющими детишками и стариками на лавочке.",кофеин,typo
176,"При этом имеется ввиду, что У детерминирует Х. Но из-за того, что сделается вывод только о пространственном применении предлога, ограничивается и степень приложимости этих результатов . Когнитивный подход: Этот подход сочетает в себе достоинства предыдущих.","При этом имеется в виду, что У детерминирует Х. Но из-за того, что делается вывод только о пространственном применении предлога, ограничивается и степень приложимости этих результатов. Когнитивный подход: этот подход сочетает в себе достоинства предыдущих.",сделается,asp
177,"Было представлено соответственно две гипотезы – одна по моему мнению, очень громоздкой, а вторая не достаточно действенной для предлогов с больших количеством непространственных значений.","Было представлено, соответственно, две гипотезы – одна, по моему мнению, очень громоздкая, а вторая недостаточно действенная для предлогов с большим количеством непространственных значений.",больших,agr
178,"У нас есть неплохие умы, которые подают большие надежды и я считаю, что российский бизнесс будет только процветать.","У нас есть неплохие умы, которые подают большие надежды, и я считаю, что российский бизнес будет только процветать.",бизнесс,typo
179,"Для примера хочется привести случай из опыта моего друга, который работал на авто-выставке консультантом.","Для примера хочется привести случай из опыта моего друга, который работал на автовыставке консультантом.",авто-выставке,typo
181,"Запрещая курить, ограничивая людей в этом, не стоит ровнять миллионы людей под одного человека.","Запрещая курить, ограничивая людей в этом, не стоит подгонять миллионы людей под одного человека.",ровнять,"deriv, paron, cause, contam, lex, phrase"
182,"Ожидаемые результаты В входе исследования будет рассмотрено значительное количество аспектов, касательно данной проблемы, будут оценены на примере современной Российской Федерации различные методики их влияние Кроме того выявить критерии наиболее оптимальной методики или несколько для нашей страны.","Ожидаемые результаты:  в ходе исследования будет рассмотрено значительное количество аспектов касательно данной проблемы, будут оценены на примере современной Российской Федерации различные методики их влияния. Кроме того, выявить критерии наиболее оптимальной методики или несколько для нашей страны.",входе,"deriv, paron, cause, typo"
183,"Природа денег весьма могущественна и в то же время слабосильная Деньги могут привести ко всякой материальной цели, однако не заменят человека у кормила Они являются следствием, но причина – всегда человек.","Природа денег весьма могущественна и в то же время слаба. Деньги могут привести ко всякой материальной цели, однако не заменят человеку кормильца. Они являются следствием, но причина – всегда человек.",слабосильная,"infl, coord, dis_coord"
184,"Ключевыми практическими задачами работы является сбор данных для анализа и интерпретации в российской компании « Виталенд », применение теоритических знаний для нахождение возможных несоответствий между фактическим и необходимым стилем лидерства, а также формулирование рекомендаций для улучшения взаимодействия между руководителем и подчиненным.","Ключевыми практическими задачами работы являются сбор данных для анализа и интерпретации в российской компании «Виталенд», применение теоретических знаний для нахождения возможных несоответствий между фактическим и необходимым стилем лидерства, а также формулирование рекомендаций для улучшения взаимодействия между руководителем и подчиненным.",нахождение,"infl, cause, typo"
185,"Методология исследования обусловлена необходимостью практического применения нашей модели и формулировке адекватных и эффективных рекомендаций Основными материалами и данными нашего исследования будут выступать ответы респондентов, а также дневники наблюдений исследователей.","Методология исследования обусловлена необходимостью практического применения нашей модели и формулировкой адекватных и эффективных рекомендаций. Основными материалами и данными нашего исследования будут выступать ответы респондентов, а также дневники наблюдений исследователей.",формулировке,gov
186,"Иными словами, данный инструмент анализа повысить продуктивность коллектива, что положительно скажется на конечном результате всей компании.","Иными словами, данный инструмент анализа повысит продуктивность коллектива, что положительно скажется на конечном результате всей компании.",повысить,"infl, lack"
187,"Эта совокупность наиболее подходящая, так как только топ менеджеры понимают всю систему управления полностью и точно Ожидаемый результат Планируется проверить гипотезы о том, что правильная система управления может значительно повисеть производительность компании.","Эта совокупность наиболее подходящая, так как только топ менеджеры понимают всю систему управления полностью и точно. Ожидаемый результат: планируется проверить гипотезу о том, что правильная система управления может значительно повлиять на производительность компании.",повисеть,"deriv, paron, cause, typo"
188,"На мой субъективный взгляд, женщина, которая говорит, что свадьба ей не нужна, она согласна жить со своим мужчиной вне брака, на самом деле опасается, что если она затребует этого от него, то он уйдет от нее, боясь обязательств, а вовсе не потому, что она современная и хочет быть свободной.","На мой субъективный взгляд, женщина, которая говорит, что свадьба ей не нужна и согласна жить со своим мужчиной вне брака, на самом деле опасается, что если она потребует это от него, то он уйдет от нее, боясь обязательств, а вовсе не потому, что она современная и хочет быть свободной.",затребует,deriv
189,"Актуальность проблемы: Актуальность моей курсовой работы заключается в том, что многие страны сегодня, в том числе и Россия, имеют необходимость пересмотреть свой подход к производству и к менеджменту, опираясь на примере более успешных в этих сферах стран.","Актуальность проблемы: актуальность моей курсовой работы заключается в том, что многие страны сегодня, в том числе и Россия, имеют необходимость пересмотреть свой подход к производству и к менеджменту с опорой на примеры более успешных в этих сферах стран.",примере,"infl, cause, typo"
190,"Даже самый сложный для понимания материал находит отражение в практической деятельности человека, тем самым создавая конкретные примеры, которые намного дольше хранятся в нашей памяти, так как ассоциируются с тем или иным действиями или явлениями Интерпретировать данные, и, даже, объяснить их неосведомленному в это области человеку невозможно, если мы их не понимаем.","Даже самый сложный для понимания материал находит отражение в практической деятельности человека, тем самым создаются конкретные примеры, которые намного дольше хранятся в нашей памяти, так как ассоциируются с тем или иным действием или явлением. Интерпретировать данные, и, даже, объяснить их неосведомленному в этой области человеку невозможно, если мы их не понимаем.",это,"agr, cause, typo"
191,"Но если задавать расисту ещё вопросы, которые выясняют что конкретно ему сделала плохого ненавидимая нация, то можно очень скоро увидеть что расист сам не понимает, почему он ненавидит ту или иную расу.","Но если задавать расисту ещё вопросы, которые выявляют, что конкретно ему сделала плохого ненавидимая нация, то можно очень скоро увидеть, что расист сам не понимает, почему он ненавидит ту или иную расу.",выясняют,"infl, lex, meton"
192,"Это, например,« чёрные » квартала Америки, некоторые регионы Кавказа, где русских не любят, другие страны и регионы земного шара.","Это, например, «чёрные» кварталы Америки, некоторые регионы Кавказа, где русских не любят, другие страны и регионы земного шара.",квартала,"infl, cause, typo"
193,"Все зависит от того, какую последовательность каких конфигурацией и в какой области кодируют пары версий этих частиц.","Все зависит от того, какую последовательность каких конфигураций и в какой области кодируют пары версий этих частиц.",конфигурацией,"gov, cause, typo"
194,"Но наиболее подходящим я бы назвала именно глагольные конструкции с СУР, так как они содержат в себе упомянутые ранее конструкции « контакта »,« доступа » и « плоскости раздела », однако эти конструкции никак не влияют на глагольное управление.","Но наиболее подходящими я бы назвала именно глагольные конструкции с СУР, так как они содержат в себе упомянутые ранее конструкции «контакта»,«доступа» и «плоскости раздела», однако эти конструкции никак не влияют на глагольное управление.",подходящим,"agr, lack"
195,"Кроме того, Д.Пайар отмечает невозможность совмещение этих сценариев, так как глагольный сценарий первичен и может быть реконструирован с помощью предложного сценария, но никак не наоборот.","Кроме того, Д. Пайар отмечает невозможность совмещения этих сценариев, так как глагольный сценарий первичен и может быть реконструирован с помощью предложного сценария, но никак не наоборот.",совмещение,"gov, cause, typo"
196,"Существует большое количество семантический вариаций глаголов и предлога СУР, однако главную роль в них играет сам предлог, так как значение формируется независимо от семантики самого глагола.","Существует большое количество семантических вариаций глаголов и предлога СУР, однако главную роль в них играет сам предлог, так как значение формируется независимо от семантики самого глагола.",семантический,"gov, cause, typo"
197,"Предлагаю совершить совместную поездку в Санкт-Петербург с целью получения новых эмоций и впечатлений а также для более слаженного обучения и общения в нашей группе, ну и, возможно, для дальнейших поездок в различные города и даже другие страны.","Предлагаю совершить совместную поездку в Санкт-Петербург с целью получения новых эмоций и впечатлений, а также для более слаженного обучения и общения в нашей группе, ну и, возможно, для дальнейших поездок в разные города и даже другие страны.",различные,"deriv, paron"
198,"Автор приводит очень тонкие примеры, такие как « подстрелить зайца»/«выстрелить в зайца »: во втором случае предлог СУР лишает нас итога ситуации ( непонятно, убит ли заяц), но расширяет список возможных « мишеней »(« выстрелил в медведя/фазана/толпу/лингвиста »);« дернуть шнурок/дернуть за шнурок »: как и в предыдущем примере увеличивается спектр преследуемой цели (« дернуть за веревку/ рычаг/волосы »), а также ничто не указывает на достижении цели, может быть описано простое усиление ( переход от результативного значения к значению события).","Автор приводит очень тонкие примеры, такие как «подстрелить зайца»/«выстрелить в зайца»: во втором случае предлог СУР лишает нас итога ситуации (непонятно, убит ли заяц), но расширяет список возможных «мишеней» («выстрелил в медведя/фазана/толпу/лингвиста»); «дернуть шнурок/дернуть за шнурок»: как и в предыдущем примере увеличивается спектр преследуемой цели («дернуть за веревку/ рычаг/волосы»), а также ничто не указывает на достижение цели, может быть описано простое усиление (переход от результативного значения к значению события).",достижении,"infl, cause, typo"
199,"Опровергается полная антонимичность предикатов УП\ДОWН и ИН\ОУТ. Приводятся выведенные на основе сравнений условия, при которых значений предикатов будут противопоставлены, данные условия распространяются не только внутри одной пары, но и при пересечении значений некоторых элементов из разных пар.","Опровергается полная антонимия предикатов УП\ДОWН и ИН\ОУТ. Приводятся выведенные на основе сравнений условия, при которых значения предикатов будут противопоставлены, данные условия распространяются не только внутри одной пары, но и при пересечении значений некоторых элементов из разных пар.",значений,"infl, cause, typo"
200,"Актуальность темы определена тем, что, прежде всего от работников предприятия зависит работоспособность и эффективность компании, от слаженности действие сотрудников зависит и успех всех операций проводимых на предприятии.","Актуальность темы определена тем, что прежде всего от работников предприятия зависит работоспособность и эффективность компании, от слаженности действий сотрудников зависит и успех всех операций проводимых на предприятии.",действие,"infl, lex, phrase"
201,"Цели и задачи Цель данной курсовой работы заключается в исследовании специфики менеджмента современных российских компаний, а также анализ компаний ОАО « Радар ммс » ОАО « Медвежьи сладости » и Х5 РетаилГроуп и разработка рекомендаций управления для данных организации.","Цели и задачи. Цель данной курсовой работы заключается в исследовании специфики менеджмента современных российских компаний, а также в анализе компаний ОАО «Радар ммс», ОАО «Медвежьи сладости» и «Х5 РетаилГроуп» и в разработке рекомендаций управления данными организациями.",разработка,"infl, gov"
202,"В современном понятии менеджмента подразумевается координация действий различных видов работы с учетом целей данной работы, с учетом ресурсов, требуемых и имеющихся, и условия при которых данная работа должна быть выполнена.","В современном понимании менеджмента подразумевается координация действий различных видов работы с учетом целей данной работы, с учетом ресурсов, требуемых и имеющихся, и условий, при которых данная работа должна быть выполнена.",условия,"infl, gov"
203,"Данная сфера поднимается все выше, раньше линейные руководители могли заниматься данной деятельностью, но в современное же время появляются специальный штаб в структуре организации контролирующий этот вид деятельности.","Данная сфера поднимается все выше, раньше линейные руководители могли заниматься данной деятельностью, но в современное же время появляется специальный штаб в структуре организации, контролирующий этот вид деятельности.",появляются,"agr, cause, typo"
204,"В современных реалиях, когда существует большое разнообразие различных концепций, претендующих на право называться результативными человек, неискушенный в теоретических обоснованиях принципов управления, в первую очередь обратится к выводам знаменитых руководителей, чьи методы подтвердили свою действенность на практике.","В современных реалиях, когда существует большое разнообразие различных концепций, претендующих на право называться результативным, человек, неискушенный в теоретических основаниях принципов управления, в первую очередь обратится к выводам знаменитых руководителей, чьи методы подтвердили свою действенность на практике.",обоснованиях,"deriv, paron, lex, word"
205,"Были использованы интернет книжные источники, отбирала информацию по ключевым словам.","Были использованы интернет и книжные источники, информация отбиралась по ключевым словам.",отбирала,"infl, coord, styl"
206,Затраты на внедрения и экономический эффект от такого внедрения должны быть соизмеримы.,Затраты на внедрение и экономический эффект от такого внедрения должны быть соизмеримы.,внедрения,"infl, lack"
207,"Тогда люди чувствую боль, разочарование, иногда доходит и до суицида…А все из-за того, что они выбыли из борьбы за Деньги.","Тогда люди чувствуют боль, разочарование, иногда доходят и до суицида…А все из-за того, что они выбыли из борьбы за Деньги.",доходит,"agr, infl"
208,"Страны сформировали альянс для урегулирования проблем, оказывающих влияние на их многосторонние торговые отношения, и контролирования соблюдения договоренностей.","Страны сформировали альянс для урегулирования проблем, оказывающих влияние на их многосторонние торговые отношения, и контроля соблюдения договоренностей.",контролирования,"deriv, nmz"
209,"Все эксперты единогласны в том, что в долгосрочной перспективе фактор участия России в торговом клубе будет оказывать, несомненно, позитивное воздействие на рост экономики, способствую развитию торговли и инвестиций, стимулируя конкуренцию на внутреннем рынке, создавая отчетливые международно-правовые рамки для осуществления внутренней политики в сфере регулирования внешней торговли.","Все эксперты единогласны в том, что в долгосрочной перспективе фактор участия России в торговом клубе будет оказывать, несомненно, позитивное воздействие на рост экономики, способствовать развитию торговли и инвестиций, стимулируя конкуренцию на внутреннем рынке, создавая отчетливые международно-правовые рамки для осуществления внутренней политики в сфере регулирования внешней торговли.",способствую,"infl, cause, typo"
210,"Он говорит о том что студенты не понимают всей важности всестороннего развития и не хотят тратить время на то, что не пригодится вжизни Этот текст должен раскрыть глаза на всю правду полезности непрофильных дисциплин.","Он говорит о том, что студенты не понимают всей важности всестороннего развития и не хотят тратить время на то, что не пригодится в жизни. Этот текст должен раскрыть глаза на всю правду пользы непрофильных дисциплин.",вжизни,"typo, cause"
211,"6. Затрудняюсь ответить на этот вопрос, но могу предположить, что в процессе интернационализации российские компании несут убытки, из-за разности культур, в какой-то мере недопонимания.","6. Затрудняюсь ответить на этот вопрос, но могу предположить, что в процессе интернационализации российские компании несут убытки из-за разницы культур, в какой-то мере - недопонимания.",разности,"deriv, paron, lex, phrase"
212,"В предложении кроме как является союзом Толковый словарь Ушакова дает предлогу кроме как следующее определение: употребляется как наречие ( без управления падежом), обозначая то же, что кроме в значении исключения Подкрепим примерами из НКРЯ: () Частота употреблений кроме как менялась с течением времени, то возрастая, то убывая, настоящее время частота употреблений возрастает.","В предложении 'кроме как' является союзом. Толковый словарь Ушакова дает предлогу 'кроме как' следующее определение: употребляется как наречие (без управления падежом), обозначая то же, что 'кроме' в значении исключения. Подкрепим примерами из НКРЯ: () Частота употреблений 'кроме как' менялась с течением времени, то возрастая, то убывая, в настоящее время частота употреблений возрастает.",настоящее,"gov, lack"
214,"Данная программа « не умеет » определять квазипословицы, что является основным минусов программы но в тоже время является почвой для дальнейшего исследования.","Данная программа «не умеет» определять квазипословицы, что является основным минусом программы, но в тоже время является почвой для дальнейшего исследования.",минусов,"agr, styl, colloq"
216,"В погоне за благосостоянием многие готовы пойти на преступление, рассориться с родными, пожертвовать своими принципами, преступить через все моральные нормы.","В погоне за благосостоянием многие готовы пойти на преступление, рассориться с родными, пожертвовать своими принципами, преступить все моральные нормы.",через,"gov, lex, phrase, contam"
217,Каждый человек должен быть счастлив тому что родился на этот свет и прожить свою жизнь достойно.,"Каждый человек должен быть счастлив тем, что родился на этом свете, и должен прожить свою жизнь достойно.",тому,"gov, lex, phrase, cause, contam"
218,"Деньги всегда определяли многое в человеческом обществе, но влияние капитала в разных этапах развития человечество было разным.","Деньги всегда определяли многое в человеческом обществе, но влияние капитала на разных этапах развития человечества было разным.",человечество,"gov, cause, typo"
220,"Деньги удерживают человечество от постоянного кровопролития, так как в основе их интересов заложены решения конфликтных ситуации путем поиска консенсуса.","Деньги удерживают человечество от постоянного кровопролития, так как в основе его интересов заложены решения конфликтных ситуаций путем поиска консенсуса.",ситуации,"agr, cause, typo"
221,"Об этом свидетельствует знаменитая фраза А. Онасиса: « Если вам говорят, что дело не в деньгах, значит, это не ваше дело Экономика предполагает дальнейший рост всего материального, экономическое развитие не учитывает обогащение духовной жизни, богатство индивида не входит в законах её развития.","Об этом свидетельствует знаменитая фраза А. Онасиса: «Если вам говорят, что дело не в деньгах, значит, это не ваше дело. Экономика предполагает дальнейший рост всего материального, экономическое развитие не учитывает обогащение духовной жизни, богатство индивида не входит в законы её развития».",законах,"gov, cause, contam"
222,"Выдающиеся мыслители позднего средневековье Т.Мор и Т.Кампанелла, представители французского Просвещения Морелли, Мабли, философы 19-века Фурье, Сен-Симон, Оуэн рисовали идеалистические картины общества, где все имеют равный доступ к орудиям труда и природным ресурсом где труд не подчиняется капиталу.","Выдающиеся мыслители позднего средневековья Т. Мор и Т. Кампанелла, представители французского Просвещения Морелли, Мабли, философы 19-века Фурье, Сен-Симон, Оуэн рисовали идеалистические картины общества, где все имеют равный доступ к орудиям труда и природным ресурсам, где труд не подчиняется капиталу.",средневековье,"agr, cause, typo"
223,"Вместе с тем, я согласен с утверждением специалистов, что люди могут смотреть на один и тот же предмет и видеть его по-разному, точно также они могут и услышать по-разному произнесенные слова.","Вместе с тем я согласен с утверждением специалистов, что люди могут смотреть на один и тот же предмет и видеть его по-разному, точно также они могут и слышать по-разному произнесенные слова.",услышать,"deriv, asp, coord"
224,"Также можно увидеть на бутылках, консервах и так далее, информацю о том, что этот продукт не содержит каких-то вредных ингридиентов, то есть изготовлен по ГОСТ или ТУ, а посмотрев состав продукта узнается что эта информация была ложной.","Также можно увидеть на бутылках, консервах и так далее информацию о том, что этот продукт не содержит каких-то вредных ингридиентов, то есть изготовлен по ГОСТ или ТУ, а посмотрев состав продукта, можно узнать, что эта информация была ложной.",узнается,"ref, converb, voice"
225,"Конечно, важны собранные обеими сторонам улики.","Конечно, важны собранные обеими сторонами улики.",сторонам,"infl, cause, typo"
226,"Помимо этого он интересен своей мистической историей, так как считается центром шаманской культуры, именно здесь шаман набирается силой перед проведением своих обрядов.","Помимо этого, он интересен своей мистической историей, так как считается центром шаманской культуры, именно здесь шаман набирается сил перед проведением своих обрядов.",силой,"gov, cause, contam"
227,"Поэтому отдых на Байкале заряжает каждого своей особой энергией, помогает человеку снова набраться жизненной силой Байкал дарит свою энергию каждому!","Поэтому отдых на Байкале заряжает каждого своей особой энергией, помогает человеку снова набраться жизненной силы. Байкал дарит свою энергию каждому!",силой,"gov, cause, contam"
228,"Звуки: шум от разговаривающих людей свист контролера, мелодия захлопнувшегося турникета, звук работающего эскалатора, сообщение от дежурящего по станции, гул приближающегося поезда, голос, объявляющий станцию, визг недовольной женщины . Запахи: запах метро, смешение запахов людей , приятные свежие духи, пот.","Звуки: шум разговаривающих людей, свист контролера, мелодия захлопнувшегося турникета, звук работающего эскалатора, сообщение от дежурного по станции, гул приближающегося поезда, голос, объявляющий станцию, визг недовольной женщины . Запахи: запах метро, смешение запахов людей, приятные свежие духи, пот.",от,gov
229,"Затем, мы организовываем маршрут по городу, в который включены самые красивейшие и известные фонтаны Рима.","Затем мы организуем экскурсию по городу, в которую включено посещение самых красивых и известных фонтанов Рима.",организовываем,"deriv, asp"
231,Можно поехать в не менее интересное и увлекающее место.,Можно поехать в не менее интересное и увлекательное место.,увлекающее,"deriv, paron, lex, phrase"
232,"Обязательно попробуйте национальный окорок – хамон, настоящий его можно купить только там.","Обязательно попробуйте национальный окорок – хамон, его настоящий образец можно купить только там.",его,"infl, constr"
233,"Аромат свежескошенной травы, бодрящая речная прохлада, таинственный сумрак леса, пение птиц и стрекотание кузнечиков – вот настоящее отдохновение для души и тела – все это поможет восстановится после тяжелого учебного года.","Аромат свежескошенной травы, бодрящая речная прохлада, таинственный сумрак леса, пение птиц и стрекотание кузнечиков – вот настоящий отдых для души и тела – все это поможет восстановиться после тяжелого учебного года.",отдохновение,"deriv, paron, styl"
234,"А самое главное – вас ждут уют и гостеприимность Питание четырехразовое, в стационарном кафе на территории базы отдыха, повара готовят вкусно и по-домашнему.","А самое главное – вас ждут уют и гостеприимство. Питание четырехразовое, в стационарном кафе на территории базы отдыха, повара готовят вкусно и по-домашнему.",гостеприимность,"deriv, paron"
235,"А те, кто оставался, закаляли характер потом и кровью в прямом смысле Через 2 года, каждый из членов Клуба мог положиться на другого как на себя, так как знали что мы испытали вместе.","А те, кто оставался, закаляли характер потом и кровью в прямом смысле. Через 2 года каждый из членов Клуба мог положиться на другого, как на себя, так как знал, что мы испытали вместе.",знали,agr
236,Отсюда и постоянные примеры случаев компьютерной аддикции то есть нездоровым увлечением компьютером и виртуальным миром в частности.,"Отсюда и постоянные примеры случаев компьютерной аддикции, то есть нездорового увлечения компьютером и виртуальным миром в частности.",нездоровым,infl
237,"Дальше слышишь грохот захлопнувшихся дверц турникета, мелодичный звук , свист и крик контролера, который пытается остановить шустрого безбилетника.","Дальше слышишь грохот захлопнувшихся дверец турникета, мелодичный звук, свист и крик контролера, который пытается остановить шустрого безбилетника.",дверц,infl
238,"Однако большинство – это толпа с примерно одинаковым мышлением, которые думают примерно так:« Нашего друга побили, соберемся толпой и искалечим в ответ ».","Однако большинство – это толпа с примерно одинаковым мышлением, которая думает примерно так: «Нашего друга побили, соберемся толпой и искалечим в ответ».",которые,"ref, pron, agr"
239,Месть и есть взятие верха эмоций над разумом.,Месть и есть взятие верха эмоциями над разумом.,эмоций,gov
240,"Пациент должен быть проинформирован о своём состоянии на данный момент и о прогнозе, касающимся продолжительности его жизни;","Пациент должен быть проинформирован о своём состоянии на данный момент и о прогнозе, касающемся продолжительности его жизни;",касающимся,infl
241,"Информативная аннотация Основной идеей, развиваемой в книге Нассима Талеба, является идея о"" Черных лебедях"".Так автор называет события,которые ранее казались невозможными,а сейчас мы можем найти им множество объяснений и предпосылок. Автор убеждает читателя,что такие ""Черные лебеди"" являются крайне важными, переломными событиями.Именно они определяют будущее человечества, пути его развития. По мнению автора, умение правильно анализировать эти события - путь к успешности и благополучию. ","Информативная аннотация: основной идеей, развиваемой в книге Нассима Талеба, является идея о"" Черных лебедях"". Так автор называет события, которые ранее казались невозможными, а сейчас мы можем найти им множество объяснений и предпосылок. Автор убеждает читателя, что такие ""Черные лебеди"" являются крайне важными, переломными событиями. Именно они определяют будущее человечества, пути его развития. По мнению автора, умение правильно анализировать эти события - путь к успеху и благополучию.",успешности,deriv
242,"В связи с материальными проблемами, которые сейчас претерпевает большинство семей, детский труд стал реже подвергаться порицанию, даже, наоборот, в большинстве семей он поддерживается и одобряется родителями, то есть в связи с рыночными отношениями произошла переоценка ценностей и фраза:"" Дети, вы только хорошо учитесь, а зарабатывать деньги - дело родителей"", - перестала более быть актуальной. ","В связи с материальными проблемами, которые сейчас претерпевает большинство семей, детский труд стал реже подвергаться порицанию, даже, наоборот, в большинстве семей он поддерживается и одобряется родителями, то есть в связи с рыночными отношениями произошла переоценка ценностей и фраза: ""Дети, вы только хорошо учитесь, а зарабатывать деньги - дело родителей"", - перестала быть актуальной. ",более,"deriv, lex, word"
243,"Полковник, который на балу, проявлял самые светлые чувства на балу к своей дочери, безусловно, может быть охарактеризован, как человек хороший, однако, в сцене с солдатом, которого наказывали за дезертирство, особей доброжелательностью полковник не отличался, и теперь таки может быть охарактеризован как личность отрицательная.","Полковник, который на балу проявлял самые светлые чувства к своей дочери, безусловно, может быть охарактеризован, как человек хороший, однако в сцене с солдатом, которого наказывали за дезертирство, особой доброжелательностью полковник не отличался и теперь может быть охарактеризован как личность отрицательная.",таки,"deriv, styl, colloq"
244,"Ленин-Ульянов. речи оказывали огромное влияние на слушателей, и он сумел убедить справедливости своих суждений о взаимоотношениях в классовом обществе огромное количество людей и заставить их принять схожую точку зрения.","Ленин-Ульянов. Речи оказывали огромное влияние на слушателей, и он сумел убедить в справедливости своих суждений о взаимоотношениях в классовом обществе огромное количество людей и заставить их принять схожую точку зрения.",убедить,"gov, lack"
245,"Все эти люди, как показывает нам Антон Павлович, сами решали свою судьбу и только они ответственны за собственное моральное падение ( как Чимша-Гималайский, Старцев) или духовное просветление, возвышение ( как Анна Сергеевна и Гуров).","Все эти люди, как показывает нам Антон Павлович, сами решили свою судьбу и только они ответственны за собственное моральное падение (как Чимша-Гималайский, Старцев) или духовное просветление, возвышение (как Анна Сергеевна и Гуров).",решали,asp
246,"Может ли быть, что человек - хозяин свой судьбы и способен сам решать, кто он и откуда?","Может ли быть, что человек - хозяин своей судьбы и способен сам решать, кто он и откуда?",свой,"agr, cause, typo"
247,"Толпа заталкивает тебя в вагон, залитый противный тусклым желтым светов Тебя окружают спины, лица, затылки , куртки, сумки незнакомых людей.","Толпа заталкивает тебя в вагон, залитый противным тусклым желтым светом. Тебя окружают спины, лица, затылки, куртки, сумки незнакомых людей.",противный,gov
248,"Ведь существует целый комплекс отрицательных сторон данной проблемы, начинающийся с опозданий на работу и стрессом испытываемым в пробках, а заканчивающийся авариями на дорогах и затруднением доехать специальным служебным машинам до места происшествия.","Ведь существует целый комплекс отрицательных сторон данной проблемы, начинающийся с опозданий на работу и стресса, испытываемого в пробках, а заканчивающийся авариями на дорогах и затруднением доехать специальным служебным машинам до места происшествия.",стрессом,"gov, cause, contam"
249,"Ниже, представлены пару предложений по улучшению менеджмента для конкретной организации, приведенных мною в своей исследовательской работе: 1. Установление осмысленных стандартов, воспринимаемых сотрудниками - люди должны чувствовать, что стандарты достаточно полно и объективно отражают их работу, помогают организации.","Ниже представлена пара предложений по улучшению менеджмента для конкретной организации, приведенных в данной исследовательской работе: 1. Установление осмысленных стандартов, воспринимаемых сотрудниками, - люди должны чувствовать, что стандарты достаточно полно и объективно отражают их работу, помогают организации.",пару,"infl, styl, colloq"
250,Вывод настоящее время данная проблемы встала очень резко перед всем человечеством.,Вывод: в настоящее время данная проблема возникла очень неожиданно перед всем человечеством.,встала,word
251,"В высшую школы экономики с официальной делегацией прибыли китайские профессора . Они не столько приехали изучать систему образования высшей школе экономике, сколько рассказать о своих обычаях и попробовать понять психологию русских студентов.","В высшую школу экономики с официальной делегацией прибыли китайские профессора . Они приехали не столько для того, чтобы изучить систему образования в высшей школе экономики, сколько для того, чтобы рассказать о своих обычаях и попробовать понять психологию русских студентов.",не столько приехали,coord
252,"Если говорить в целом о истории Уханьского университета, то она ведет свое начало с 1893 года, не то чтобы он свои возрастом превосходит высшую школу экономики, а это наоборот подчеркивает ее превосходство, так как за такое малое время существования она достигла уровня, как и этот древнейший университет.","Если говорить в целом об истории Уханьского университета, то она берёт свое начало в 1893 году, не то, чтобы он из-за своего возраста превосходит высшую школу экономики, но это наоборот подчеркивает ее превосходство, так как за такое малое время существования она достигла такого же уровня, как и этот древнейший университет.",ведет,phrase
253,И именно умение вести деловые переговоры сыграет эту роль вашем выделении из толпы и поможет пробится на вершину рабочей иерархии.,И именно умение вести деловые переговоры сыграет эту роль в выделении вас из толпы и поможет пробиться на вершину рабочей иерархии.,вашем выделении,constr
254,"Например, люди, которые занимают ведущие позиции в различных кампаниях, а так же политики, обладают хорошей и красивой речью, они могут легко убедить людей, принять ту или иную точку зрения.","Например, люди, которые занимают ведущие позиции в различных компаниях, а также политики, обладают хорошей и красивой речью, они могут легко убедить людей, принять ту или иную точку зрения.",так же,conn
255,"Пролог написан публицистическим стилем, интересным, ярко индивидуальным и метафоричным.","Пролог написан в публицистическом стиле, интересном, ярко индивидуальном и метафоричном.",публицистическим стилем,gov
256,Признаком функционального текста – это нацеленность на широкую публику.,Признак функционального текста – это нацеленность на широкую публику.,Признаком,agr